{
  "tag": "ep8_mbs1_ga4_rc_off_pad1280",
  "config": "/data/sejin/third_party/mindspeed-mm-26.0.0/examples/qwen3_5_audio/perf_tuning/ep8_mbs1_ga4_rc_off_pad1280.yaml",
  "train_log": "/data/sejin/baseline_26/logs/ep8_mbs1_ga4_rc_off_pad1280_20260615_213224.log",
  "monitor_json": "/data/sejin/baseline_26/metrics/ep8_mbs1_ga4_rc_off_pad1280_20260615_213224_npu_full.json",
  "skip_steps": 10,
  "window_start_epoch": 1781530520.8276,
  "window_end_epoch": 1781530875.65,
  "config_summary": {
    "model_id": "qwen3_5_audio_manual_ep",
    "attn_implementation": "sdpa",
    "expert_parallel_size": 8,
    "fully_shard_parallel_size": "auto",
    "tensor_parallel_size": 1,
    "ulysses_parallel_size": 1,
    "recompute": false,
    "param_dtype": "bf16",
    "reduce_dtype": "fp32",
    "micro_batch_size": 1,
    "gradient_accumulation_steps": 4,
    "train_iters": 80,
    "lr": 0.0001,
    "clip_grad": 1.0,
    "cutoff_len": 4096,
    "sampler_type": "BaseRandomBatchSampler",
    "length_bucket_size_multiplier": null,
    "pad_to_multiple_of": 1280,
    "num_workers": 8,
    "lora_rank": 16,
    "lora_alpha": 32,
    "lora_dropout": 0.05
  },
  "measured": {
    "num_steps": 70,
    "step_time_s": {
      "mean": 5.067880000000001,
      "median": 4.99105,
      "p90": 5.2227500000000004,
      "p95": 5.7887749999999984,
      "min": 4.7885,
      "max": 6.434
    },
    "samples": 2240,
    "samples_per_s": 6.314277370419188,
    "input_tokens": 388084,
    "label_tokens": 43630,
    "audio_tokens": 305410,
    "input_wps": 1093.9598299204288,
    "label_wps": 122.98746503187017,
    "audio_wps": 860.9122552230912,
    "loss_first": 11.35656,
    "loss_last": 5.027761
  },
  "phase_timing_ms": {
    "backward": 1693.034285714286,
    "clip": 120.7328571428571,
    "forward": 2826.0799999999995,
    "get_batch": 1.8742857142857146,
    "loss_setup": 1.02,
    "lr_scheduler": 0.0,
    "move": 385.54857142857134,
    "optimizer": 3.914285714285717,
    "pregather": 0.0,
    "profiler": 0.0,
    "zero_grad": 0.3057142857142861
  },
  "run_phase_s": {
    "startup_to_manual_load": 3.871999979019165,
    "qwen_safe_open_load": 38.0239999294281,
    "whisper_load": 1.621000051498413,
    "projector_and_final_barrier": 4.1549999713897705,
    "post_load_to_iter1_end": 68.37299990653992,
    "step1_time": 31.7225,
    "all_logged_steps": 431.32959999999986,
    "last_step_to_lora_save": 0.0989999771118164
  },
  "hardware_window": {
    "num_samples": 167,
    "aicore_pct": {
      "mean": 25.5,
      "peak": 53.0
    },
    "hbm_used_mb": {
      "mean": 62600.5,
      "peak": 64254,
      "total": 65536
    },
    "power_w": {
      "mean": 171.44,
      "peak": 231.8
    }
  },
  "hardware_all": {
    "num_samples": 272,
    "aicore_pct": {
      "mean": 20.31,
      "peak": 77.0
    },
    "hbm_used_mb": {
      "mean": 55413.7,
      "peak": 64254,
      "total": 65536
    },
    "power_w": {
      "mean": 155.31,
      "peak": 231.8
    }
  },
  "markers": {
    "first_log": 1781530359.917,
    "manual_qwen_load_start": 1781530363.789,
    "manual_qwen_loaded": 1781530401.813,
    "manual_whisper_loaded": 1781530403.434,
    "manual_audio_projector_init": 1781530403.49,
    "manual_load_complete": 1781530407.589,
    "lora_trainable_fixed": 1781530407.596,
    "save_lora": 1781530875.749
  },
  "errors": []
}