{
  "tag": "ep8_mbs1_ga4_rc_on",
  "config": "/data/sejin/third_party/mindspeed-mm-26.0.0/examples/qwen3_5_audio/perf_tuning/ep8_mbs1_ga4_rc_on.yaml",
  "train_log": "/data/sejin/baseline_26/logs/ep8_mbs1_ga4_rc_on_20260615_202751.log",
  "monitor_json": "/data/sejin/baseline_26/metrics/ep8_mbs1_ga4_rc_on_20260615_202751_npu_full.json",
  "skip_steps": 10,
  "window_start_epoch": 1781526653.1407,
  "window_end_epoch": 1781527042.969,
  "config_summary": {
    "model_id": "qwen3_5_audio_manual_ep",
    "attn_implementation": "sdpa",
    "expert_parallel_size": 8,
    "fully_shard_parallel_size": "auto",
    "tensor_parallel_size": 1,
    "ulysses_parallel_size": 1,
    "recompute": true,
    "param_dtype": "bf16",
    "reduce_dtype": "fp32",
    "micro_batch_size": 1,
    "gradient_accumulation_steps": 4,
    "train_iters": 80,
    "lr": 0.0001,
    "clip_grad": 1.0,
    "cutoff_len": 4096,
    "num_workers": 8,
    "lora_rank": 16,
    "lora_alpha": 32,
    "lora_dropout": 0.05
  },
  "measured": {
    "num_steps": 70,
    "step_time_s": {
      "mean": 5.5680757142857145,
      "median": 5.2372499999999995,
      "p90": 6.8074200000000005,
      "p95": 6.98749,
      "min": 4.794899999999999,
      "max": 7.3549
    },
    "samples": 2240,
    "samples_per_s": 5.747048287777285,
    "input_tokens": 388084,
    "label_tokens": 43630,
    "audio_tokens": 305410,
    "input_wps": 995.6863784436429,
    "label_wps": 111.93915928380488,
    "audio_wps": 783.5741149866342,
    "loss_first": 11.24903,
    "loss_last": 4.806447
  },
  "phase_timing_ms": {
    "backward": 2640.082857142856,
    "clip": 18.258571428571432,
    "forward": 2855.9028571428585,
    "get_batch": 1.9057142857142861,
    "loss_setup": 0.9571428571428567,
    "lr_scheduler": 0.002857142857142857,
    "move": 10.471428571428572,
    "optimizer": 3.904285714285716,
    "pregather": 0.0,
    "profiler": 0.0,
    "zero_grad": 0.30000000000000043
  },
  "run_phase_s": {
    "startup_to_manual_load": 7.687999963760376,
    "qwen_safe_open_load": 38.24000000953674,
    "whisper_load": 1.6010000705718994,
    "projector_and_final_barrier": 2.7319998741149902,
    "post_load_to_iter1_end": 64.02500009536743,
    "step1_time": 24.4874,
    "all_logged_steps": 466.3836,
    "last_step_to_lora_save": 0.10399985313415527
  },
  "hardware_window": {
    "num_samples": 185,
    "aicore_pct": {
      "mean": 6.4,
      "peak": 32.0
    },
    "hbm_used_mb": {
      "mean": 33700.3,
      "peak": 34091,
      "total": 65536
    },
    "power_w": {
      "mean": 131.38,
      "peak": 170.9
    }
  },
  "hardware_all": {
    "num_samples": 292,
    "aicore_pct": {
      "mean": 4.77,
      "peak": 49.0
    },
    "hbm_used_mb": {
      "mean": 30469.5,
      "peak": 34091,
      "total": 65536
    },
    "power_w": {
      "mean": 122.13,
      "peak": 170.9
    }
  },
  "markers": {
    "first_log": 1781526486.713,
    "manual_qwen_load_start": 1781526494.401,
    "manual_qwen_loaded": 1781526532.641,
    "manual_whisper_loaded": 1781526534.242,
    "manual_audio_projector_init": 1781526534.335,
    "manual_load_complete": 1781526536.974,
    "lora_trainable_fixed": 1781526536.982,
    "save_lora": 1781527043.073
  },
  "errors": []
}